SUMLEV,REGION,REGION_coastal_inland,REGION_econ,geocode,NAME_zhCN,NAME_en,NAME_zhCN_short,CODE_GB,AREA_SIZE,POP_2012,POP_2011,POP_2010,POP_2009,POP_2008,POP_2007,POP_2006,POP_2005,POP_2004,POP_2003,GDP_2012,GDP_2011,GDP_2010,GDP_2009,GDP_2008,GDP_2007,GDP_2006,GDP_2005,GDP_2004,GDP_2003,GDP_pPOP2012,GDP_pPOP2011,GDP_pPOP2010,GDP_pPOP2009,GDP_pPOP2008,GDP_pPOP2007,GDP_pPOP2006,GDP_pPOP2005,GDP_pPOP2004,GDP_pPOP2003,POP_INTERNET2013,POP_INTERNET2012,POP_INTERNET2011,POP_INTERNET2010,POP_INTERNET2009,POP_INTERNET2008,POP_INTERNET2007,POP_INTERNET2006,POP_INTERNET2005,POP_INTERNET2004,POP_INTERNET_RATE2013,POP_INTERNET_RATE2012,POP_INTERNET_RATE2011,POP_INTERNET_RATE2010,POP_INTERNET_RATE2009,POP_INTERNET_RATE2008,POP_INTERNET_RATE2007,POP_INTERNET_RATE2006,POP_INTERNET_RATE2005,POP_INTERNET_RATE2004,POP_INTERNET_pGDP2012,POP_INTERNET_pGDP2011,POP_INTERNET_pGDP2010,POP_INTERNET_pGDP2009,POP_INTERNET_pGDP2008,POP_INTERNET_pGDP2007,POP_INTERNET_pGDP2006,POP_INTERNET_pGDP2005,POP_INTERNET_pGDP2004,INTERNET_INTERNATIONAL_VISITS2012,INTERNET_INTERNATIONAL_VISITS2011,INTERNET_INTERNATIONAL_VISITS2010,INTERNET_INTERNATIONAL_VISITS2009,INTERNET_INTERNATIONAL_VISITS2008,INTERNET_INTERNATIONAL_VISITS2007,INTERNET_INTERNATIONAL_VISITS2006,INTERNET_INTERNATIONAL_VISITS2005,INTERNET_INTERNATIONAL_VISITS2004,INTERNET_INTERNATIONAL_VISITS2003,INTERNET_INTERNATIONAL_VISITS2002,INTERNET_INTERNATIONAL_VISITS2001,INTERNET_INTERNATIONAL_VISITS2000,PUBLISHERS2012,PUBLISHERS2011,PUBLISHERS2010,PUBLISHERS_pPOP2012,PUBLISHERS_pPOP2011,PUBLISHERS_pPOP2010,PUBLISHERS_pGDP2012,PUBLISHERS_pGDP2011,PUBLISHERS_pGDP2010,PATENT_APP2012,PATENT_APP2011,PATENT_APP2010,PATENT_APP2009,PATENT_APP2008,PATENT_APP2007,PATENT_APP2006,PATENT_APP2005,PATENT_APP2004,PATENT_APP2003,PATENT_APP_pPOP2012,PATENT_APP_pPOP2011,PATENT_APP_pPOP2010,PATENT_APP_pPOP2009,PATENT_APP_pPOP2008,PATENT_APP_pPOP2007,PATENT_APP_pPOP2006,PATENT_APP_pPOP2005,PATENT_APP_pPOP2004,PATENT_APP_pPOP2003,PATENT_APP_pGDP2012,PATENT_APP_pGDP2011,PATENT_APP_pGDP2010,PATENT_APP_pGDP2009,PATENT_APP_pGDP2008,PATENT_APP_pGDP2007,PATENT_APP_pGDP2006,PATENT_APP_pGDP2005,PATENT_APP_pGDP2004,PATENT_APP_pGDP2003
10,1,C,1,CN-11,北京市,Beijing,京,11,1.735,2069,2019,1962,1860,1771,1676,1601,1538,1493,1456,17879.4,16251.93,14113.58,12153.03,11115,9846.81,8117.78,6969.52,6033.21,5007.21,8.641565974,8.049494799,7.193465851,6.533887097,6.276115189,5.875184964,5.070443473,4.531547464,4.040997991,3.439017857,15560000,14580000,13790000,12180000,11030000,9800000,7370000,4680000,4280000,4020000,0.752,0.722,0.703,0.694,0.651,0.6,0.466,0.304,0.287,0.276,7046.882552,6830.113918,6207.95107,5930.107527,5533.596838,4397.374702,2923.173017,2782.83485,2692.565305,1458,1379,1218,1103,980,737,468,428,402,398,266.12,330,278.8,8998,8773,8429,4.348960851,4.345220406,4.296126402,0.503260736,0.53981281,0.597226218,92305,77955,57296,50236,43508,31680,26555,22572,18402,17003,44.61333978,38.61069837,29.20285423,27.00860215,24.56691135,18.90214797,16.58650843,14.67620286,12.32551909,11.67788462,5.163,4.797,4.060,4.134,3.914,3.217,3.271,3.239,3.050,3.396
10,1,C,1,CN-12,天津市,Tianjin,津,12,1.222,1413,1355,1299,1228,1176,1115,1075,1043,1024,1011,12893.88,11307.28,9224.46,7521.85,6719.01,5252.76,4462.74,3905.64,3110.97,2578.03,9.125180467,8.344856089,7.101200924,6.125285016,5.713443878,4.710995516,4.151386047,3.744621285,3.038056641,2.549980218,8660000,7930000,7190000,6480000,5640000,4850000,2870000,2600000,2290000,1930000,0.613,0.585,0.556,0.527,0.48,0.435,0.267,0.249,0.224,0.191,5612.172682,5306.273063,4988.452656,4592.833876,4124.14966,2573.991031,2418.604651,2195.589645,1884.765625,793,719,648,564,485,287,260,229,193,144.6,128.19,91,56.9,3060,2962,2689,2.165605096,2.18597786,2.070053888,0.237321892,0.26195513,0.291507579,41009,38489,25973,19624,18230,15744,13299,11657,8406,6812,29.02264685,28.40516605,19.99461124,15.98045603,15.50170068,14.12017937,12.37116279,11.17641419,8.208984375,6.737883284,3.181,3.404,2.816,2.609,2.713,2.997,2.980,2.985,2.702,2.642
10,1,C,1,CN-13,河北省,Hebei,冀,13,19.664,7288,7241,7194,7034,6989,6943,6898,6851,6809,6769,26575.01,24515.76,20394.26,17235.48,16011.97,13607.32,11467.6,10012.11,8477.63,6921.29,3.646406422,3.38568706,2.834898527,2.450309923,2.291024467,1.959861731,1.662452885,1.461408553,1.245062417,1.022498153,33890000,30080000,25970000,21970000,18420000,13340000,7620000,6310000,4860000,3870000,0.465,0.415,0.361,0.312,0.264,0.192,0.111,0.092,0.071,0.057,4127.332602,3586.521199,3053.933834,2618.709127,1908.713693,1097.508282,914.7579008,709.3854912,568.3653987,3008,2597,2197,1842,1334,762,631,486,387,289.1,273.23,94.4,55.6,7272,5234,6025,0.99780461,0.722828339,0.837503475,0.273640537,0.213495319,0.295426262,23241,17595,12295,11361,9128,7853,7220,6401,5647,5623,3.188940724,2.429912995,1.709063108,1.615154962,1.306052368,1.131067262,1.046680197,0.934316158,0.829343516,0.830698774,0.875,0.718,0.603,0.659,0.570,0.577,0.630,0.639,0.666,0.812
10,1,I,2,CN-14,山西省,Shanxi,晋,14,15.965,3611,3593,3574,3427,3411,3393,3375,3355,3335,3314,12112.83,11237.55,9200.86,7358.31,7315.4,6024.45,4878.61,4230.53,3571.37,2855.23,3.354425367,3.127623156,2.574387241,2.147157864,2.144649663,1.775552608,1.445514074,1.260962742,1.070875562,0.861566083,17550000,15890000,14050000,12500000,10640000,8190000,5360000,3800000,2690000,2110000,0.486,0.442,0.393,0.365,0.312,0.241,0.159,0.113,0.081,0.064,4400.443091,3910.381297,3497.481813,3104.756347,2401.055409,1579.722959,1125.925926,801.7883756,632.6836582,1589,1405,1250,1064,819,536,380,269,211,148.8,130.02,40.4,30.2,2945,3225,2908,0.815563556,0.897578625,0.813654169,0.243130631,0.286984263,0.316057412,16786,12769,7927,6822,5386,3333,2824,1985,1949,1743,4.648573802,3.553854718,2.217963067,1.990662387,1.579009088,0.982316534,0.836740741,0.591654247,0.584407796,0.525950513,1.386,1.136,0.862,0.927,0.736,0.553,0.579,0.469,0.546,0.610
10,1,I,2,CN-15,内蒙古自治区,Inner Mongolia,蒙,15,129.114,2490,2482,2472,2458,2444,2429,2415,2403,2393,2386,15880.58,14359.88,11672,9740.25,8496.2,6423.18,4944.25,3905.03,3041.07,2388.38,6.377742972,5.78560838,4.721682848,3.962672905,3.476350245,2.64437217,2.047308489,1.625064503,1.270819056,1.000997485,10930000,9650000,8540000,7470000,5750000,3850000,3220000,1600000,1160000,930000,0.439,0.389,0.346,0.308,0.238,0.16,0.134,0.067,0.049,0.039,3875.502008,3440.77357,3021.84466,2339.300244,1575.286416,1325.648415,662.5258799,482.7299209,388.6335144,965,854,747,575,385,322,160,116,93,74.9,34.3,40.4,27.2,1942,1946,2180,0.779919679,0.784045125,0.881877023,0.122287725,0.135516453,0.186771761,4732,3841,2912,2484,2221,2015,1946,1455,1457,1393,1.900401606,1.547542305,1.177993528,1.010577705,0.908756137,0.82955949,0.805797101,0.605493134,0.608859173,0.583822297,0.298,0.267,0.249,0.255,0.261,0.314,0.394,0.373,0.479,0.583
10,2,C,1,CN-21,辽宁省,Liaoning,辽,21,15.678,4389,4383,4375,4341,4315,4298,4271,4221,4217,4210,24846.43,22226.7,18457.27,15212.49,13668.58,11164.3,9304.52,8047.26,6672,6002.54,5.661068581,5.071115674,4.218804571,3.504374568,3.167689455,2.597557003,2.178534301,1.906481876,1.582167418,1.425781473,24530000,21990000,20920000,19160000,15950000,11380000,7830000,4830000,3720000,3220000,0.559,0.502,0.478,0.444,0.37,0.265,0.183,0.114,0.088,0.076,5010.252905,4772.986539,4379.428571,3674.268602,2637.311703,1821.777571,1130.882697,881.307747,763.5760019,2199,2092,1916,1595,1138,783,483,372,322,291.5,441.25,128.1,104.9,5964,4848,5372,1.358851675,1.106091718,1.227885714,0.240034484,0.21811605,0.291050627,41152,37102,34216,25803,20893,19518,17052,15672,14695,13545,9.376167692,8.464978325,7.8208,5.944022115,4.841946698,4.541181945,3.992507609,3.71286425,3.484704766,3.217339667,1.656,1.669,1.854,1.696,1.529,1.748,1.833,1.947,2.202,2.257
10,2,I,2,CN-22,吉林省,Jilin,吉,22,21.319,2750,2749,2747,2740,2734,2730,2723,2716,2709,2704,11939.24,10568.83,8667.58,7278.75,6426.1,5284.69,4275.12,3620.27,3122.01,2662.08,4.341541818,3.844608949,3.155289407,2.656478102,2.350438917,1.935783883,1.570003672,1.332941826,1.152458472,0.984497041,11630000,10620000,9660000,8820000,7260000,5200000,4340000,2710000,2010000,1790000,0.423,0.386,0.352,0.322,0.266,0.19,0.159,0.1,0.074,0.066,3861.818182,3514.005093,3210.775391,2649.635036,1901.975128,1589.74359,995.2258538,740.0589102,660.7604282,1062,966,882,726,520,434,271,201,179,146.5,118.17,60.7,54.2,2600,2597,2569,0.945454545,0.944707166,0.935202039,0.217769305,0.245722563,0.296391842,9171,8196,6445,5934,5536,5251,4578,4101,3657,4267,3.334909091,2.981447799,2.34619585,2.165693431,2.024871982,1.923443223,1.681233933,1.50994109,1.349944629,1.578032544,0.768,0.775,0.744,0.815,0.861,0.994,1.071,1.133,1.171,1.603
10,2,I,2,CN-23,黑龙江省,Heilongjiang,黑,23,54.699,3834,3834,3833,3826,3825,3824,3823,3820,3817,3815,13691.58,12582,10368.6,8587,8314.37,7104,6211.8,5513.7,4750.6,4057.4,3.571095462,3.281690141,2.705087399,2.244380554,2.173691503,1.857740586,1.624849595,1.443376963,1.244589992,1.063538663,15140000,13290000,12060000,11270000,9120000,6200000,4760000,3660000,3160000,2780000,0.395,0.347,0.315,0.295,0.239,0.162,0.125,0.096,0.083,0.073,3466.353678,3145.539906,2940.255674,2383.690538,1620.915033,1244.769874,957.3633272,827.2251309,728.3206707,1329,1206,1127,912,620,476,366,316,278,226,136.19,94.4,55.4,3031,3031,2817,0.790558164,0.790558164,0.734933472,0.221376934,0.240899698,0.271685666,30610,23432,10269,9014,7974,7242,6535,6050,4919,4972,7.983828899,6.11163276,2.679102531,2.355985363,2.084705882,1.893828452,1.709390531,1.583769634,1.28870841,1.30327654,2.236,1.862,0.990,1.050,0.959,1.019,1.052,1.097,1.035,1.225
10,3,C,1,CN-31,上海市,Shanghai,沪,31,0.651,2380,2347,2303,2210,2141,2064,1964,1890,1835,1766,20181.72,19195.69,17165.98,15046.45,14069.87,12494.01,10572.24,9247.66,8072.83,6694.23,8.479714286,8.17881977,7.453747286,6.808348416,6.57163475,6.053299419,5.383014257,4.892941799,4.399362398,3.790617214,16830000,16060000,15250000,12390000,11710000,11100000,8300000,5100000,4630000,4410000,0.707,0.684,0.662,0.645,0.62,0.597,0.458,0.287,0.266,0.258,6747.89916,6497.656583,5379.93921,5298.642534,5184.493227,4021.317829,2596.741344,2449.73545,2403.269755,1606,1525,1239,1171,1110,830,510,463,441,431.6,336.43,310,201.8,8526,8982,9327,3.582352941,3.827013208,4.049934868,0.422461515,0.467917538,0.543342122,82682,80215,71196,62241,52835,47205,36042,32741,20471,22374,34.74033613,34.17767363,30.9144594,28.16334842,24.67772069,22.87063953,18.35132383,17.32328042,11.15585831,12.66930917,4.097,4.179,4.148,4.137,3.755,3.778,3.409,3.540,2.536,3.342
10,3,C,1,CN-32,江苏省,Jiangsu,苏,32,9.811,7920,7899,7869,7810,7762,7723,7656,7588,7523,7458,54058.22,49110.27,41425.48,34457.3,30981.98,26018.48,21742.05,18598.69,15003.6,12442.87,6.825532828,6.21727687,5.264389376,4.411946223,3.99149446,3.368960249,2.83987069,2.451066157,1.994363951,1.66839233,40950000,39520000,36850000,33060000,27650000,20840000,17570000,10270000,7900000,6610000,0.517,0.5,0.468,0.428,0.36,0.273,0.233,0.137,0.106,0.089,4989.89899,4665.147487,4201.296226,3540.332907,2684.875032,2275.02266,1341.431557,1041.117554,878.6388409,3952,3685,3306,2765,2084,1757,1027,790,661,610.9,314.73,269.6,122.2,14497,12045,11909,1.830429293,1.524876567,1.51340704,0.268173832,0.245264382,0.287480073,472656,348381,235873,174329,128002,88950,53267,34811,23532,18393,59.67878788,44.1044436,29.97496505,22.3212548,16.49085287,11.517545,6.957549634,4.587638376,3.128007444,2.46621078,8.743,7.094,5.694,5.059,4.131,3.419,2.450,1.872,1.568,1.478
10,3,C,1,CN-33,浙江省,Zhejiang,浙,33,9.535,5477,5463,5447,5276,5212,5155,5072,4991,4925,4857,34665.33,32318.85,27722.31,22990.35,21462.69,18753.73,15718.47,13417.68,11648.7,9705.02,6.329255067,5.915952773,5.089463925,4.357534117,4.117937452,3.637968962,3.099067429,2.688375075,2.365218274,1.998151122,33300000,32210000,30520000,27860000,24520000,21080000,15090000,9770000,7070000,5340000,0.608,0.59,0.561,0.538,0.479,0.417,0.303,0.199,0.15,0.114,5880.956728,5586.673989,5114.74206,4647.460197,4044.512663,2927.255092,1926.26183,1416.54979,1084.263959,3221,3052,2786,2452,2108,1509,977,707,534,451.2,318.54,222.4,149,11057,11066,10971,2.018805916,2.025626945,2.014136222,0.318964222,0.342400797,0.395746242,249373,177066,120742,108482,89931,68933,52980,43221,25294,21463,45.5309476,32.41186161,22.16669726,20.56141016,17.25460476,13.37206596,10.4455836,8.659787618,5.135837563,4.418982911,7.194,5.479,4.355,4.719,4.190,3.676,3.371,3.221,2.171,2.212
10,3,I,2,CN-34,安徽省,Anhui,皖,34,13.369,5988,5968,5957,6131,6135,6118,6110,6120,6228,6163,17212.05,15300.65,12359.33,10062.82,8851.66,7360.92,6112.5,5350.17,4759.3,3923.11,2.874423848,2.563781836,2.074757428,1.641301582,1.442813366,1.203157895,1.000409165,0.874210784,0.764177906,0.636558494,21500000,18690000,15850000,13920000,10690000,7230000,5870000,3370000,2760000,2400000,0.359,0.313,0.266,0.227,0.174,0.118,0.096,0.055,0.043,0.037,3121.242485,2655.831099,2336.746685,1743.598108,1178.484108,959.4638771,551.5548282,450.9803922,385.3564547,1869,1585,1392,1069,723,587,337,276,240,183.5,107.4,84.3,54.7,8588,8858,7723,1.434201737,1.48424933,1.296457949,0.498952769,0.578929653,0.62487206,74888,48556,47128,16386,10409,6070,4679,3516,2943,2676,12.50634603,8.136058981,7.911364781,2.672647203,1.696658517,0.992154299,0.765793781,0.574509804,0.472543353,0.434204121,4.351,3.173,3.813,1.628,1.176,0.825,0.765,0.657,0.618,0.682
10,3,C,1,CN-35,福建省,Fujian,闽,35,11.036,3748,3720,3693,3666,3639,3612,3585,3557,3529,3502,19701.78,17560.18,14737.12,12236.53,10823.01,9248.53,7583.85,6554.69,5763.35,4983.67,5.256611526,4.720478495,3.990555104,3.337842335,2.974171476,2.560501107,2.115439331,1.842757942,1.6331397,1.423092519,24020000,22800000,21020000,18480000,16290000,13790000,8660000,5160000,3970000,3260000,0.641,0.613,0.57,0.509,0.452,0.385,0.243,0.146,0.113,0.093,6083.244397,5650.537634,5004.061738,4443.535188,3789.502611,2397.563677,1439.330544,1116.109081,923.7744404,2280,2102,1848,1629,1379,866,516,397,326,318.2,249.86,121.3,80.8,4387,4340,3932,1.170490928,1.166666667,1.064717032,0.222670236,0.247150086,0.266809254,42773,32325,21994,17559,13181,11341,10351,9460,7498,7236,11.41221985,8.689516129,5.95559166,4.789689034,3.622148942,3.139811739,2.887308229,2.65954456,2.124681213,2.066247858,2.171,1.841,1.492,1.435,1.218,1.226,1.365,1.443,1.301,1.452
10,3,I,2,CN-36,江西省,Jiangxi,赣,36,15.272,4504,4488,4462,4432,4400,4368,4339,4311,4284,4254,12948.88,11702.82,9451.26,7655.18,6971.05,5800.25,4820.53,4056.76,3456.7,2807.41,2.874973357,2.607580214,2.118166741,1.727251805,1.584329545,1.327896062,1.110977184,0.941025284,0.806886088,0.659945933,14680000,12670000,10880000,9500000,7900000,6100000,5110000,2850000,1870000,1560000,0.326,0.285,0.244,0.214,0.18,0.14,0.118,0.066,0.044,0.037,2813.055062,2424.242424,2129.090094,1782.490975,1386.363636,1169.871795,656.8333717,433.7740663,364.1456583,1267,1088,950,790,610,511,285,187,156,169.4,119.32,60.7,46.6,3414,3238,3030,0.757992895,0.721479501,0.679067683,0.263652146,0.276685448,0.320592175,12458,9673,6307,5224,3746,3548,3171,2815,2685,2434,2.76598579,2.15530303,1.413491708,1.178700361,0.851363636,0.812271062,0.730813552,0.652980747,0.6267507,0.572167372,0.962,0.827,0.667,0.682,0.537,0.612,0.658,0.694,0.777,0.867
10,3,C,1,CN-37,山东省,Shandong,鲁,37,15.615,9685,9637,9588,9470,9417,9367,9309,9248,9180,9125,50013.24,45361.85,39169.92,33896.65,30933.28,25776.91,21900.19,18366.87,15021.84,12078.15,5.163989675,4.707050949,4.085306633,3.5793717,3.284833811,2.751885342,2.352582447,1.986036981,1.636366013,1.323632877,43290000,38660000,36250000,33320000,27690000,19830000,12560000,11260000,9880000,8480000,0.447,0.401,0.378,0.352,0.294,0.212,0.135,0.122,0.108,0.093,3991.739804,3761.544049,3475.177305,2923.970433,2105.766168,1340.877549,1209.582125,1068.3391,923.7472767,3866,3625,3332,2769,1983,1256,1126,988,848,626.6,279.6,144.9,119.9,7127,7626,7598,0.735880227,0.791325101,0.792448894,0.142502265,0.168114837,0.193975377,128614,109599,80856,66857,60247,46849,38284,28835,18388,15794,13.27971089,11.3727301,8.433041302,7.059873284,6.397685038,5.001494609,4.112579224,3.117971453,2.003050109,1.730849315,2.572,2.416,2.064,1.972,1.948,1.817,1.748,1.570,1.224,1.308
10,4,I,2,CN-41,河南省,Henan,豫,41,16.135,9406,9388,9405,9487,9429,9360,9392,9380,9717,9667,29599.31,26931.03,23092.36,19480.46,18018.53,15012.46,12362.79,10587.42,8553.79,6867.7,3.146854136,2.868665317,2.455328017,2.053384632,1.91096935,1.603895299,1.31631069,1.128722814,0.880291242,0.710427227,32830000,28560000,25820000,24170000,20070000,12830000,9560000,5170000,3960000,3050000,0.349,0.304,0.275,0.255,0.213,0.137,0.102,0.055,0.041,0.032,3036.35977,2750.319557,2569.909623,2115.52651,1360.695726,1021.367521,550.4684838,422.1748401,313.8828857,2856,2582,2417,2007,1283,956,517,396,305,225.7,211.82,104.5,52.4,8938,8498,8500,0.950244525,0.905198125,0.903774588,0.301966499,0.315546787,0.368087108,43442,34076,25149,19589,19090,14916,11538,8981,6318,5261,4.618541357,3.629740094,2.67400319,2.064825551,2.024604942,1.593589744,1.228492334,0.957462687,0.650200679,0.544222613,1.468,1.265,1.089,1.006,1.059,0.994,0.933,0.848,0.739,0.766
10,4,I,2,CN-42,湖北省,Hubei,鄂,42,17.566,5779,5758,5728,5720,5711,5699,5693,5710,5698,5685,22250.45,19632.26,15967.61,12961.1,11328.92,9333.4,7617.47,6590.19,5633.24,4757.45,3.850224952,3.409562348,2.787641411,2.265926573,1.983701628,1.637725917,1.338041454,1.154148862,0.988634609,0.836842568,24910000,23090000,21290000,19020000,14690000,10500000,7060000,5320000,4630000,4290000,0.431,0.401,0.372,0.333,0.257,0.184,0.124,0.093,0.077,0.071,3995.500952,3697.464397,3320.530726,2568.181818,1838.55717,1238.813827,934.4809415,810.8581436,752.8957529,2309,2129,1902,1469,1050,706,532,463,429,380.9,151.82,144.9,79.2,4933,5560,5404,0.853607891,0.96561306,0.943435754,0.221703381,0.283207333,0.33843512,51316,42510,31311,27206,21147,17376,14576,11534,7960,6635,8.879736979,7.382771796,5.466305866,4.756293706,3.702854141,3.048955957,2.560337256,2.019964974,1.396981397,1.16710642,2.306,2.165,1.961,2.099,1.867,1.862,1.913,1.750,1.413,1.395
10,4,I,2,CN-43,湖南省,Hunan,湘,43,19.393,6639,6596,6570,6406,6380,6355,6342,6326,6698,6663,22154.23,19669.56,16037.96,13059.69,11555,9439.6,7688.67,6596.1,5641.94,4659.99,3.336982979,2.982043663,2.441089802,2.038665314,1.811128527,1.485381589,1.212341533,1.042696807,0.842332039,0.699383161,24100000,22000000,19360000,17470000,14060000,9990000,6900000,4080000,3480000,3120000,0.363,0.333,0.295,0.273,0.22,0.157,0.109,0.064,0.052,0.047,3313.752071,2935.112189,2659.056317,2194.817359,1565.830721,1085.759245,643.3301798,550.1106544,465.8106898,2200,1936,1747,1406,999,690,408,348,312,265.4,217.08,114.6,89.3,7711,8132,8086,1.161470101,1.232868405,1.230745814,0.348059942,0.413430702,0.504178836,35709,29516,22381,15948,14016,11233,10249,8763,7693,6054,5.378671487,4.474833232,3.406544901,2.489541055,2.196865204,1.767584579,1.616051719,1.385235536,1.148551807,0.90859973,1.612,1.501,1.396,1.221,1.213,1.190,1.333,1.329,1.364,1.299
10,4,C,1,CN-44,广东省,Guangdong,粤,44,15.701,10594,10505,10441,10130,9893,9660,9442,9194,9111,8963,57067.92,53210.28,46013.06,39482.56,36796.71,31777.01,26587.76,22557.37,18864.62,15844.64,5.386815178,5.065233698,4.406959104,3.897587364,3.719469322,3.289545549,2.81590341,2.453488144,2.070532324,1.767783108,69920000,66270000,63000000,53240000,48600000,45540000,33440000,18310000,14860000,11880000,0.66,0.631,0.604,0.553,0.509,0.482,0.359,0.199,0.179,0.149,6255.427601,5997.144217,5099.128436,4797.6308,4603.254827,3461.697723,1939.207795,1616.271481,1303.91834,6627,6300,5324,4860,4554,3344,1831,1486,1188,950.2,572.17,350.5,218,13180,13142,14487,1.244100434,1.251023322,1.387510775,0.230952872,0.24698235,0.314845394,229514,196272,152907,125673,103883,102449,90886,72220,52201,43186,21.66452709,18.68367444,14.6448616,12.40602172,10.50065703,10.60548654,9.625714891,7.855122906,5.72944792,4.818252817,4.022,3.689,3.323,3.183,2.823,3.224,3.418,3.202,2.767,2.726
10,4,C,1,CN-45,广西壮族自治区,Guangxi,桂,45,20.961,4682,4645,4610,4856,4816,4768,4719,4660,4889,4857,13035.1,11720.87,9569.85,7759.16,7021,5823.41,4746.16,3984.1,3433.5,2821.11,2.784087997,2.523330463,2.075889371,1.597850082,1.457848837,1.221352768,1.005755457,0.854957082,0.702290857,0.580833848,17740000,15860000,13530000,12260000,10300000,7340000,5600000,3740000,3300000,2850000,0.379,0.342,0.294,0.252,0.214,0.154,0.119,0.08,0.067,0.059,3387.441264,2912.809473,2659.436009,2121.087315,1524.086379,1174.496644,792.5407925,708.1545064,582.9412968,1586,1353,1226,1030,734,560,374,330,285,228.6,109.34,87.6,45.5,5007,5051,4604,1.06941478,1.087405813,0.998698482,0.384116731,0.430940707,0.48109427,13610,8106,5117,4277,3884,3480,2784,2379,2202,2250,2.906877403,1.74510226,1.109978308,0.880766063,0.806478405,0.729865772,0.589955499,0.510515021,0.450398855,0.463248919,1.044,0.692,0.535,0.551,0.553,0.598,0.587,0.597,0.641,0.798
10,4,C,1,CN-46,海南省,Hainan,琼,46,2.926,887,877,869,864,854,845,836,828,818,811,2855.54,2522.66,2064.5,1654.21,1503.06,1254.17,1065.67,918.75,819.66,713.96,3.219323563,2.876465222,2.375719217,1.914594907,1.760023419,1.484224852,1.27472488,1.109601449,1.00202934,0.880345253,4110000,3840000,3380000,3030000,2440000,2160000,1440000,1170000,690000,470000,0.464,0.437,0.389,0.351,0.286,0.256,0.172,0.141,0.084,0.058,4329.199549,3854.047891,3486.766398,2824.074074,2529.274005,1704.142012,1399.521531,833.3333333,574.5721271,384,338,303,244,216,144,117,69,47,39.7,23.8,16.9,7,723,696,594,0.815107103,0.793614595,0.683544304,0.253192041,0.275899249,0.287720998,1824,1489,1019,1040,873,632,538,498,375,445,2.056369786,1.697833523,1.172612198,1.203703704,1.022248244,0.747928994,0.64354067,0.601449275,0.458435208,0.548705302,0.639,0.590,0.494,0.629,0.581,0.504,0.505,0.542,0.458,0.623
10,5,I,3,CN-50,重庆市,Chongqing,渝,50,7.713,2945,2919,2885,2859,2839,2816,2808,2798,2793,2803,11409.6,10011.37,7925.58,6530.01,5793.66,4676.13,3907.23,3467.72,3034.58,2555.72,3.874227504,3.429725934,2.747168111,2.284018888,2.040739697,1.660557528,1.391463675,1.239356683,1.086494808,0.911780235,12930000,11950000,10680000,9900000,8030000,5980000,3560000,2200000,1890000,1810000,0.439,0.409,0.37,0.346,0.283,0.212,0.127,0.079,0.061,0.058,4057.724958,3658.787256,3431.542461,2808.674362,2106.375484,1264.204545,783.4757835,675.4824875,648.0486932,1195,1068,990,803,598,356,220,189,181,176.6,56.11,53.9,45.7,3486,3321,3787,1.183701188,1.137718397,1.312651646,0.305532183,0.331722831,0.47781992,38924,32039,22825,13482,8324,6715,6471,6260,5171,4589,13.21697793,10.97601918,7.911611785,4.715634837,2.932018316,2.384588068,2.304487179,2.237312366,1.85141425,1.637174456,3.412,3.200,2.880,2.065,1.437,1.436,1.656,1.805,1.704,1.796
10,5,I,3,CN-51,四川省,Sichuan,川,51,45.537,8076,8050,8045,8185,8138,8127,8169,8212,8090,8176,23872.8,21026.68,17185.48,14151.28,12601.23,10562.39,8690.24,7385.1,6379.63,5333.09,2.956017831,2.612009938,2.136169049,1.728928528,1.548443106,1.299666544,1.063807076,0.899305894,0.7885822,0.652285959,28350000,25620000,22290000,19980000,16350000,11030000,8090000,6900000,6090000,5230000,0.351,0.318,0.277,0.244,0.201,0.136,0.099,0.084,0.07,0.06,3172.362556,2768.944099,2483.530143,1997.556506,1355.36987,995.4472745,844.6566287,741.597662,646.4771323,2562,2229,1998,1635,1103,809,690,609,523,424.3,126.33,175.2,113.2,10565,9820,9370,1.308197127,1.219875776,1.164698571,0.442553869,0.467025703,0.545227715,66312,49734,40230,33047,24335,19165,13109,10567,7260,7443,8.210995542,6.178136646,5.000621504,4.037507636,2.990292455,2.358188754,1.604725181,1.286775451,0.897404203,0.910347358,2.778,2.365,2.341,2.335,1.931,1.814,1.508,1.431,1.138,1.396
10,5,I,3,CN-52,贵州省,Guizhou,贵,52,15.978,3484,3469,3479,3537,3596,3632,3690,3730,3904,3870,6852.2,5701.84,4602.16,3912.68,3561.56,2884.11,2338.98,2005.42,1677.8,1426.34,1.966762342,1.643655232,1.322839897,1.106214306,0.990422692,0.79408315,0.633869919,0.537646113,0.429764344,0.368563307,11460000,9910000,8400000,7510000,5730000,4330000,2240000,1420000,1090000,980000,0.329,0.286,0.242,0.198,0.151,0.115,0.06,0.038,0.028,0.025,2844.431688,2421.447103,2158.666283,1620.016964,1204.115684,616.7400881,384.8238482,292.2252011,251.0245902,991,840,751,573,433,224,142,109,98,83.1,43.18,20.2,18,3736,3317,2862,1.072330654,0.956183338,0.822650187,0.545226351,0.581742034,0.621881899,11296,8351,4414,3709,2943,2759,2674,2226,1486,1242,3.242250287,2.407321995,1.268755389,1.048628781,0.818409344,0.759636564,0.724661247,0.596782842,0.380635246,0.320930233,1.649,1.465,0.959,0.948,0.826,0.957,1.143,1.110,0.886,0.871
10,5,I,3,CN-53,云南省,Yunnan,云,53,34.260,4659,4631,4602,4571,4543,4514,4483,4450,4415,4376,10309.47,8893.12,7224.18,6169.75,5692.12,4772.52,3988.14,3462.73,3081.91,2556.02,2.212807469,1.920345498,1.569791395,1.349759352,1.252942989,1.057270713,0.889614098,0.778141573,0.69805436,0.584099634,15280000,13210000,11400000,10210000,8440000,5480000,3030000,2750000,2410000,2060000,0.328,0.285,0.248,0.223,0.186,0.121,0.068,0.062,0.055,0.047,2835.372398,2461.671345,2218.600608,1846.423102,1206.251376,671.2450155,613.4285077,541.5730337,466.5911665,1321,1140,1021,844,548,303,275,241,206,166.4,104.15,50.6,32.9,8769,11020,11726,1.882163554,2.379615634,2.548022599,0.850577188,1.23916016,1.623159999,9260,7150,5645,4633,4089,3108,3085,2556,2132,1966,1.987550977,1.543942993,1.226640591,1.013563772,0.900066036,0.68852459,0.688155253,0.574382022,0.482899207,0.449268739,0.898,0.804,0.781,0.751,0.718,0.651,0.774,0.738,0.692,0.769
10,5,I,3,CN-54,西藏自治区,Tibet,藏,54,107.459,308,303,300,296,292,289,285,280,276,272,701.03,605.83,507.46,441.36,394.85,341.43,290.76,248.8,220.34,185.09,2.276071429,1.999438944,1.691533333,1.491081081,1.352226027,1.181418685,1.020210526,0.888571429,0.798333333,0.680477941,1150000,1010000,900000,810000,530000,470000,360000,160000,90000,70000,0.374,0.333,0.299,0.279,0.186,0.164,0.127,0.058,0.033,0.026,3279.220779,2970.29703,2700,1790.540541,1609.589041,1245.67474,561.4035088,321.4285714,253.6231884,101,90,81,53,47,36,16,9,7,8.6,3.19,3.4,0.7,131,131,230,0.425324675,0.432343234,0.766666667,0.186867894,0.216232276,0.453237694,170,263,162,195,350,97,89,102,62,24,0.551948052,0.867986799,0.54,0.658783784,1.198630137,0.335640138,0.312280702,0.364285714,0.224637681,0.088235294,0.243,0.434,0.319,0.442,0.886,0.284,0.306,0.410,0.281,0.130
10,6,I,3,CN-61,陕西省,Shaanxi,陕,61,20.390,3753,3743,3735,3727,3718,3708,3699,3690,3681,3672,14453.68,12512.3,10123.48,8169.8,7314.58,5757.29,4743.61,3933.72,3175.58,2587.72,3.85123368,3.342853326,2.710436412,2.192057955,1.967342657,1.552667206,1.282403352,1.06604878,0.86269492,0.704716776,16890000,15510000,14290000,12950000,9950000,7900000,5170000,3950000,3140000,2580000,0.45,0.415,0.383,0.343,0.265,0.211,0.139,0.106,0.085,0.07,4132.693845,3817.793214,3467.202142,2669.70754,2124.798279,1394.282632,1067.856177,850.9485095,700.8964955,1551,1429,1295,995,790,517,395,314,258,196.7,110.69,50.6,33.1,4680,4714,4194,1.247002398,1.259417579,1.122891566,0.323792972,0.376749279,0.414284416,43608,32227,22949,15570,11898,8499,5717,4166,3217,3421,11.6195044,8.609938552,6.144310576,4.177622753,3.200107585,2.292071197,1.545552852,1.12899729,0.873947297,0.93164488,3.017,2.576,2.267,1.906,1.627,1.476,1.205,1.059,1.013,1.322
10,6,I,3,CN-62,甘肃省,Gansu,甘,62,41.504,2578,2564,2560,2555,2551,2548,2547,2545,2541,2537,5650.2,5020.37,4120.75,3387.56,3166.82,2703.98,2277.35,1933.98,1688.49,1399.83,2.191698991,1.958022621,1.609667969,1.325855186,1.241403371,1.061216641,0.894130349,0.759913556,0.664498229,0.551765865,8940000,7950000,7000000,6550000,5350000,3270000,2190000,1520000,1250000,1200000,0.347,0.31,0.274,0.248,0.204,0.125,0.084,0.059,0.048,0.046,3083.785881,2730.109204,2558.59375,2093.933464,1281.850255,859.4976452,596.7805261,491.1591356,472.2550177,795,700,655,535,327,219,152,125,120,122.4,51.89,43.8,25.4,2203,2204,2278,0.854538402,0.859594384,0.88984375,0.389897703,0.439011467,0.552811988,8261,5287,3558,2676,2178,1608,1460,1759,910,961,3.204422033,2.06201248,1.38984375,1.047358121,0.85378283,0.631083203,0.5732234,0.691159136,0.358126722,0.378793851,1.462,1.053,0.863,0.790,0.688,0.595,0.641,0.910,0.539,0.687
10,6,I,3,CN-63,青海省,Qinghai,青,63,71.352,573,568,563,557,554,552,548,543,539,534,1893.54,1670.44,1350.43,1081.27,1018.62,797.35,648.5,543.32,466.1,390.2,3.30460733,2.940915493,2.398632327,1.941238779,1.83866426,1.444474638,1.183394161,1.000589319,0.864749536,0.73071161,2740000,2380000,2080000,1880000,1540000,1300000,600000,370000,290000,200000,0.478,0.419,0.369,0.336,0.277,0.236,0.11,0.068,0.054,0.037,4153.577661,3661.971831,3339.253996,2764.81149,2346.570397,1086.956522,675.1824818,534.0699816,371.0575139,238,208,188,154,130,60,37,29,20,19.5,5.81,6.7,7,1052,534,661,1.835951134,0.940140845,1.174067496,0.555573159,0.319676253,0.489473723,844,732,602,499,431,387,325,216,124,173,1.472949389,1.288732394,1.069271758,0.895870736,0.777978339,0.701086957,0.593065693,0.397790055,0.230055659,0.323970037,0.446,0.438,0.446,0.461,0.423,0.485,0.501,0.398,0.266,0.443
10,6,I,3,CN-64,宁夏回族自治区,Ningxia,宁,64,5.269,647,639,633,625,618,610,604,596,588,580,2341.29,2102.21,1689.65,1353.31,1203.92,919.11,725.9,612.61,537.11,445.36,3.618686244,3.289843505,2.669273302,2.165296,1.948090615,1.506737705,1.201821192,1.027869128,0.913452381,0.767862069,2830000,2580000,2070000,1750000,1410000,1020000,610000,420000,320000,310000,0.437,0.403,0.328,0.28,0.228,0.166,0.101,0.07,0.054,0.053,3987.63524,3239.43662,2764.612954,2256,1650.485437,1000,695.3642384,536.9127517,527.2108844,258,207,175,141,102,61,42,32,31,33.3,17.51,10.1,10.8,989,939,1014,1.528593509,1.469483568,1.601895735,0.422416702,0.446672787,0.600124286,1985,1079,739,1277,1087,838,671,516,399,441,3.068006182,1.6885759,1.167456556,2.0432,1.758899676,1.373770492,1.110927152,0.865771812,0.678571429,0.760344828,0.848,0.513,0.437,0.944,0.903,0.912,0.924,0.842,0.743,0.990
10,6,I,3,CN-65,新疆维吾尔自治区,Xinjiang,新,65,174.966,2233,2209,2185,2159,2131,2095,2050,2010,1963,1934,7505.31,6610.05,5437.47,4277.05,4183.21,3523.16,3045.26,2604.19,2209.09,1886.35,3.361088222,2.992326845,2.488544622,1.981032886,1.963026748,1.681699284,1.485492683,1.295616915,1.125364238,0.975361944,10940000,9620000,8820000,8190000,6340000,6250000,3630000,1550000,1260000,1190000,0.49,0.436,0.404,0.379,0.275,0.271,0.177,0.077,0.064,0.062,4308.105687,3992.756904,3748.283753,2936.544697,2932.895354,1732.696897,756.097561,626.8656716,606.2149771,962,882,819,634,625,363,155,126,119,117.8,45.63,43.8,34,2991,2585,2464,1.33945365,1.170212766,1.127688787,0.398517849,0.391071172,0.453151925,7044,4736,3560,2872,2412,2270,2256,1851,1492,1473,3.154500672,2.143956541,1.629290618,1.330245484,1.131862975,1.08353222,1.100487805,0.920895522,0.760061131,0.761633919,0.939,0.716,0.655,0.671,0.577,0.644,0.741,0.711,0.675,0.781
CN,CN,CN,CN,CN,中国,China,CN,CN,951.790153,134789,134042,133385,132443,131434,130393,129523,128604,129022,128190,576551.84,521441.11,437041.99,365303.69,333313.96,279737.86,232836.74,199228.1,167922.56,139537.19,133.8610175,121.6560632,102.4678866,86.82163404,80.34706143,68.22263556,57.66113749,50.21949378,42.96264064,36.25150797,617580000,564000000,513110000,457300000,384090000,298170000,210010000,137000000,111000000,94000000,0.461766667,0.422796825,0.385603968,0.353729365,0.29676746,0.236166667,0.16536746,0.109739683,0.089395238,0.0777,4192.201513,3820.756577,3447.667176,2904.932612,2312.190355,1615.097502,1077.452158,882.6857348,766.674587,56400,51311,45730,38409,29817,21001,13700,11100,9400,7950,5103.87,3369.9,2250.4,172502,168435,167740,1.341910966,1.297866933,1.317784666,0.330308533,0.357383005,0.438086497,1885569,1478761,1083997,854049,692167,561064,445211,359886,258945,231292,11.13417866,9.122348956,6.768434934,5.593769506,4.764321888,3.971129463,3.32236363,2.878014825,2.176676085,2.05077762,2.169753859,1.905997773,1.657658313,1.569862539,1.421703458,1.370801515,1.364001759,1.341807509,1.205425891,1.338057696
00,1,X,X,CN-1,华北地区,North of China,华北,1,167.698629,16871,16690,16501,16007,15791,15556,15364,15190,15054,14936,85341.7,77672.4,64605.16,54008.92,49657.58,41154.52,33870.98,29022.83,24234.25,19750.14,31.1453212,28.69326948,24.42563539,21.21931281,19.90158344,16.96596699,14.37710497,12.62360455,10.66581167,8.874059797,86590000,78130000,69540000,60600000,51480000,40030000,26440000,18990000,15280000,12860000,0.551,0.5106,0.4718,0.4412,0.389,0.3256,0.2274,0.165,0.1424,0.1254,5012.466587,4614.812609,4153.932807,3717.141424,3108.560403,2194.849078,1608.997475,1394.465657,1233.4027,7813,6954,6060,5148,4003,2644,1899,1528,1286,1055.4,831.86,596.2,448.7,24217,22140,22231,1.821570758,1.787130071,1.779842991,0.275928304,0.287552795,0.337397846,178073,150649,106403,90527,78473,60625,51844,44070,35861,32574,16.67478055,14.90943489,10.86049703,9.521090646,8.772485925,7.193054126,6.329377852,5.596816118,4.51142279,4.071247897,2.18029343,2.064407389,1.717840782,1.71677097,1.639057366,1.531727188,1.570652835,1.540892424,1.488622267,1.608830219
00,2,X,X,CN-2,东北地区,Northeast of China,东北,2,91.695207,10973,10966,10955,10907,10874,10852,10817,10757,10743,10729,50477.25,45377.53,37493.45,31078.24,28409.05,23552.99,19791.44,17181.23,14544.61,12722.02,13.57370586,12.19741476,10.07918138,8.405233224,7.691819876,6.391081472,5.373387568,4.682800666,3.979215881,3.473817177,51300000,45900000,42640000,39250000,32330000,22780000,16930000,11200000,8890000,7790000,0.459,0.411666667,0.381666667,0.353666667,0.291666667,0.205666667,0.155666667,0.103333333,0.081666667,0.071666667,4112.808255,3810.843846,3510.153212,2902.531392,2053.400621,1552.097012,1027.823959,816.1972627,717.5523669,4590,4264,3925,3233,2278,1693,1120,889,779,664,695.61,283.2,214.5,11595,10476,10758,1.031621461,0.947119016,0.966007075,0.226393574,0.23491277,0.286376045,80933,68730,50930,40751,34403,32011,28165,25823,23271,22784,6.898301894,5.852686295,4.282032794,3.48856697,2.983841521,2.786151207,2.461044025,2.268858325,2.041119268,2.032882917,1.553357999,1.435694865,1.195921613,1.18704941,1.116363765,1.253767259,1.318511606,1.392516806,1.46976564,1.694947326
00,3,X,X,CN-3,华东地区,East of China,华东,3,75.288209,39702,39522,39319,38995,38706,38407,38035,37705,37504,37125,208781.22,190550.31,162031.4,136345.28,124093.54,105452.83,88449.83,75592.52,63726.32,52634.46,37.80450059,34.91094091,30.07638649,25.86359618,23.96721486,20.90366904,17.9013605,15.67641402,13.59951433,11.50039049,194570000,180610000,166620000,148530000,126450000,99970000,73160000,47780000,38080000,32060000,0.515,0.483714286,0.449857143,0.416142857,0.365571429,0.306,0.226571429,0.144571429,0.118571429,0.103,4804.005232,4463.090466,3948.721902,3482.861477,2910.571064,2155.910354,1388.819371,1139.515062,994.7423407,18061,16662,14853,12645,9997,7316,4778,3808,3206,2791.4,1725.88,1213.2,775,57596,56155,54490,1.647164848,1.648748188,1.630024241,0.305339569,0.33235182,0.376116758,1063444,805815,584096,451078,358351,272896,198774,155399,100811,90370,25.70204774,20.1496553,15.2528016,12.39241761,10.14157635,8.243711742,6.321564549,5.367958997,3.520961242,3.479710219,4.298526376,3.572615381,3.176279267,2.804654689,2.422229846,2.193240151,1.966557932,1.856802641,1.456542713,1.620101284
00,4,X,X,CN-4,中南地区,Central South of China,中南,4,92.680532,37987,37769,37623,37463,37083,36687,36424,36098,36931,36646,146962.55,133686.66,112745.34,94397.18,86223.22,72640.05,60068.52,51233.93,42946.75,35664.85,21.7242888,19.72530071,16.54262692,13.76800887,12.64314108,10.72212597,8.963077424,7.743615158,6.486110411,5.475615165,173610000,159620000,146380000,129190000,110160000,88360000,64000000,37790000,30920000,25660000,0.441,0.408,0.3715,0.336166667,0.283166667,0.228333333,0.164166667,0.105333333,0.083333333,0.069333333,4052.946868,3691.149621,3299.137918,2770.219646,2236.949805,1614.379495,1043.258287,823.4838266,665.6701821,15962,14638,12919,11016,8836,6400,3779,3092,2566,2090.5,1286.03,819,491.4,40492,41079,41675,1.015657472,1.03928722,1.024618286,0.289998577,0.327667855,0.382393621,375415,311969,237884,193733,162893,150086,130571,104375,76749,63831,7.584120684,6.268992558,4.745717678,3.966858633,3.375617994,3.082235265,2.710682061,2.221625067,1.639002644,1.408355967,1.848404654,1.650276675,1.466145687,1.44811714,1.349376273,1.395127822,1.448257853,1.377956515,1.230195282,1.267713666
00,5,X,X,CN-5,西南地区,Westsouth of China,西南,5,210.94674,19472,19372,19311,19448,19408,19378,19435,19470,19478,19497,53145.1,46238.84,37444.86,31205.08,28043.42,23236.58,19215.35,16569.77,14394.26,12056.26,13.28588657,11.60517555,9.467501785,7.960002155,7.184774512,5.99299662,4.998965293,4.343021691,3.801229046,3.197207077,69170000,61700000,53670000,48410000,39080000,27290000,17280000,13430000,11570000,10150000,0.3642,0.3262,0.2872,0.258,0.2014,0.1496,0.0962,0.0642,0.0494,0.0432,3237.822476,2856.229367,2598.467899,2012.642295,1496.340291,958.6623328,637.5576554,514.4613911,453.1529541,6170,5367,4841,3908,2729,1728,1343,1157,1015,859,332.96,303.3,210.5,26687,27609,27975,1.17434344,1.225147276,1.322937934,0.466151497,0.567176601,0.744265445,125962,97537,73276,55066,40041,31844,25428,21711,16111,15264,5.441944557,4.394681523,3.189525854,2.294823762,1.767883258,1.305315623,1.126861912,1.011907679,0.767398117,0.681191216,1.795692061,1.653652879,1.456120096,1.308113816,1.159800199,1.028484349,1.077501136,1.098836084,0.940173544,0.992159524
00,6,X,X,CN-6,西北地区,Westnorth of China,西北,6,313.480836,9784,9723,9676,9623,9572,9513,9448,9384,9312,9257,31844.02,27915.37,22721.78,18268.99,16887.15,13700.89,11440.62,9627.82,8076.37,6709.46,16.32731447,14.52396179,11.87655463,9.605480806,8.958527651,7.246795473,6.047241737,5.150037698,4.430759304,3.730418264,42340000,38040000,34260000,31320000,24590000,19740000,12200000,7810000,6260000,5480000,0.4404,0.3966,0.3516,0.3172,0.2498,0.2018,0.1222,0.076,0.061,0.0536,3933.159663,3488.413555,3175.589319,2544.199438,2067.319944,1214.686739,758.2561969,607.99121,535.5269777,3804,3426,3132,2459,1974,1220,781,626,548,489.7,231.53,155,110.3,11915,10976,10611,1.361107819,1.139769828,1.183277467,0.418039677,0.394636192,0.501969268,61742,44061,31408,22894,18006,13602,10429,8508,6142,6469,4.503876534,3.158643174,2.280034652,1.898859419,1.544526281,1.216308814,0.984651381,0.800922763,0.580152447,0.631277503,1.342248633,1.059339446,0.93364243,0.954469212,0.843393302,0.822462322,0.802529195,0.783840582,0.647255902,0.844594159
0T,X,C,X,CN-C,沿海地区,coastal regions,沿海,X,124.533019,60532,60091,59650,58745,57985,57226,56428,55609,55353,54785,333773.57,305302.32,260057.79,219646.06,201106.16,171017.44,143269.03,122580.34,102921.91,85792.72,70.51955156,65.05576186,56.09039989,48.51893175,45.32568652,39.51133746,33.94917461,29.92328381,25.70958732,21.87012597,332800000,309800000,287670000,253430000,220240000,181050000,128350000,83200000,67450000,56340000,0.567666667,0.535166667,0.502,0.467083333,0.414916667,0.355666667,0.254083333,0.1725,0.14525,0.126083333,5288.537353,4951.788003,4420.859459,3951.054382,3389.128067,2432.752064,1669.336315,1401.560669,1215.366531,30980,28767,25343,22024,18105,12835,8320,6745,5634,4780.2,3313.26,2166.7,1440.4,89798,84765,85937,1.778150321,1.735639212,1.744663925,0.291440947,0.304837438,0.353852035,1418753,1124594,819484,667482,544595,444634,349258,280467,197111,174124,23.12257264,19.23279925,14.42496128,12.32785854,10.58241726,8.889951224,7.300867883,6.317925591,4.586189031,4.303801118,3.446271978,3.047189313,2.619737662,2.56521706,2.327136806,2.231816376,2.130488287,2.066455911,1.77395113,1.920419626
0T,X,I,X,CN-I,内地地区,inland regions,内地,X,827.257134,74257,73951,73735,73698,73449,73167,73095,72995,73669,73405,242778.27,216138.79,176984.2,145657.63,132207.8,108720.42,89567.71,76647.76,65000.65,53744.47,63.34146593,56.60030134,46.37748671,38.30270229,35.02137491,28.7112981,23.71196289,20.29620998,17.25305332,14.381382,284780000,254200000,225440000,203870000,163850000,117120000,81660000,53800000,43550000,37660000,0.399684211,0.358631579,0.318526316,0.287789474,0.229210526,0.170842105,0.116736842,0.074210526,0.057684211,0.05,3565.207263,3168.25706,2871.367214,2298.221347,1718.287606,1162.205603,739.8304239,585.8928126,507.1520722,25420,22544,20387,16385,11712,8166,5380,4355,3766,3169.8,1790.61,1203.2,810,82704,83670,81803,1.114014178,1.081625422,1.102643447,0.361045011,0.399262466,0.497802397,466816,354167,264513,186567,147572,116430,95953,79419,61834,57168,5.355057921,4.091568853,2.98109305,2.192281193,1.770091433,1.392201343,1.183800916,0.997113898,0.782352672,0.746301355,1.635583865,1.396725218,1.248408338,1.105084166,0.983503711,0.927174871,0.952554939,0.934909606,0.846269085,0.958669314
OE,X,X,1,CN-E1,东部经济带,Eastern belt,东,X,124.533019,60532,60091,59650,58745,57985,57226,56428,55609,55353,54785,333773.57,305302.32,260057.79,219646.06,201106.16,171017.44,143269.03,122580.34,102921.91,85792.72,70.51955156,65.05576186,56.09039989,48.51893175,45.32568652,39.51133746,33.94917461,29.92328381,25.70958732,21.87012597,332800000,309800000,287670000,253430000,220240000,181050000,128350000,83200000,67450000,56340000,0.567666667,0.535166667,0.502,0.467083333,0.414916667,0.355666667,0.254083333,0.1725,0.14525,0.126083333,5288.537353,4951.788003,4420.859459,3951.054382,3389.128067,2432.752064,1669.336315,1401.560669,1215.366531,30980,28767,25343,22024,18105,12835,8320,6745,5634,4780.2,3313.26,2166.7,1440.4,89798,84765,85937,1.778150321,1.735639212,1.744663925,0.291440947,0.304837438,0.353852035,1418753,1124594,819484,667482,544595,444634,349258,280467,197111,174124,23.12257264,19.23279925,14.42496128,12.32785854,10.58241726,8.889951224,7.300867883,6.317925591,4.586189031,4.303801118,3.446271978,3.047189313,2.619737662,2.56521706,2.327136806,2.231816376,2.130488287,2.066455911,1.77395113,1.920419626
OE,X,X,2,CN-E2,中部经济带,Central belt,中,X,302.829558,45001,44856,44748,44627,44469,44276,44212,44141,44879,44651,157789.15,141984.58,116817.56,96183.56,87277.23,71782.95,58911.74,50450.17,42530.02,34978.75,33.72826489,30.471164,25.03343029,20.73721933,18.87807275,15.47150601,12.66575586,10.80315059,9.021064966,7.453756656,173270000,154460000,137510000,124140000,100180000,70090000,52180000,32560000,25720000,22030000,0.396777778,0.355555556,0.317555556,0.288,0.233222222,0.165444444,0.125111111,0.078777778,0.060444444,0.051777778,3542.6697,3163.741059,2853.965665,2320.221882,1647.684816,1246.129011,786.412088,613.3000482,521.3877459,15446,13751,12414,10018,7009,5218,3256,2572,2203,1821.1,1226.12,744.9,489.2,44102,45085,43217,0.943223677,0.969588611,0.935460943,0.270988815,0.308546989,0.358563553,279112,212569,159829,108607,89525,70984,60096,49200,39581,35435,5.779666115,4.441464968,3.254773936,2.298325196,1.89663217,1.53818926,1.326072327,1.097890206,0.902994216,0.846375795,1.709598886,1.441424168,1.307882866,1.075964891,0.963400335,0.929065466,0.96648802,0.927766576,0.90466282,1.003438727
OE,X,X,3,CN-E3,西部经济带,Western belt,西,X,524.427576,29256,29095,28987,29071,28980,28891,28883,28854,28790,28754,84989.12,74154.21,60166.64,49474.07,44930.57,36937.47,30655.97,26197.59,22470.63,18765.72,29.61320104,26.12913734,21.34405642,17.56548296,16.14330216,13.23979209,11.04620703,9.493059389,8.231988351,6.927625342,111510000,99740000,87930000,79730000,63670000,47030000,29480000,21240000,17830000,15630000,0.4023,0.3614,0.3194,0.2876,0.2256,0.1757,0.1092,0.0701,0.0552,0.0484,3585.491069,3172.321461,2887.028609,2278.420866,1781.830118,1086.674536,697.9069261,561.2263006,494.3399659,9974,8793,7973,6367,4703,2948,2124,1783,1563,1348.7,564.49,458.3,320.8,38602,38585,38586,1.267725629,1.182458552,1.2531077,0.442095587,0.480906396,0.623117357,187704,141598,104684,77960,58047,45446,35857,30219,22253,21733,4.972910546,3.776662349,2.734780253,2.09684159,1.656204769,1.260812218,1.055756646,0.906415221,0.673775282,0.656234359,1.568970347,1.356496162,1.194881263,1.131291514,1.00159675,0.925473336,0.940015166,0.941338333,0.793714723,0.918376842
